---,RandomName,ForbiddenWord
1,AAA,爱女人
2,初号机驾驶员,爱液
3,零号观测者,按摩棒
4,第十三使徒,拔出来
5,亚空间旅人,爆草
6,月面降下作战,包二奶
7,红有三倍速,暴干
8,联邦的白色恶魔,暴奸
9,宇宙世纪余孽,暴乳
10,星海巡礼者,爆乳
11,观星者计划,暴淫
12,人类补完中,屄
13,神经同步率99,被操
14,失控的AT力场,被插
15,第三新东京市,被干
16,量产机终结者,逼奸
17,轨道空降兵,仓井空
18,终焉的记录员,插暴
19,深空拾荒客,操逼
20,逆熵执行者,操黑
21,虚数空间来客,操烂
22,团长永不下线,肏你
23,SOS团编外成员,肏死
24,魔炮充能中,操死
25,此生无悔入东方,操我
26,博丽结界维护员,厕奴
27,幻想乡驻外使馆,插比
28,境界妖维修工,插b
29,红魔馆夜班保安,插逼
30,月都遣返人员,插进
31,永远亭老病号,插你
32,风见幽香种花家,插我
33,雾雨魔法仓库,插阴
34,十七岁永远合法,潮吹
35,贫乳是稀有属性,潮喷
36,钉宫病晚期,成人dv
37,傲娇研究所,成人电影
38,萌即正义派,成人论坛
39,世界第一公主殿下,成人小说
40,轻音部退役成员,成人电
41,社团活动终身制,成人电影
42,速通失败者,成人卡通
43,逃课学大师,成人聊
44,Boss机制研究员,成人片
45,DPS质检员,成人视
46,帧数即信仰,成人图
47,格挡就是答案,成人文
48,翻滚无敌帧,成人小
49,极限压血线,成人电影
50,一命通关预备役,成人论坛
51,读条打断专家,成人色情
52,副本开荒组长,成人网站
53,战术暂停发动机,成人文学
54,装备全靠捡,成人小说
55,Build实验体,艳情小说
56,伤害统计第一名,成人游戏
57,机制破坏者,吃精
58,数值测试员,赤裸
59,理论伤害冠军,抽插
60,版本弃子,扌由插
61,Meta反对派,抽一插
62,博丽结界维护员,春药
63,雾雨借书不还,大波
64,红魔馆守夜人,大力抽送
65,永远亭常驻病患,大乳
66,地灵殿挖矿工,荡妇
67,守矢神社赞助商,荡女
68,隙间快递员,盗撮
69,月都遣返名单,多人轮
70,白玉楼访客,发浪
71,三途川摆渡员,放尿
72,香霖堂赊账户,肥逼
73,幻想乡驻外人员,粉穴
74,妖怪山测速员,封面女郎
75,命莲寺义工,风月大陆
76,天界临时住户,干死你
77,跌下神坛的宫崎英高,干穴
78,宫崎英高受苦中,肛交
79,赐福已断开连接,肛门
80,翻滚依赖症,龟头
81,魂量管理大师,裹本
82,防火女已拉黑我,国产av
83,传火失败记录,好嫩
84,无名王者本人,豪乳
85,老头环售后客服,黑逼
86,菈妮前男友,后庭
87,法环DLC受害者,后穴
88,骨灰盒批发商,虎骑
89,王城下水道常客,花花公子
90,仿身泪滴代练,换妻俱乐部
91,黄金树物业经理,黄片
92,玛莲妮亚陪练员,几吧
93,不死人再就业,鸡吧
94,魂三还在更新吗,鸡巴
95,宫崎英高的电梯,鸡奸
96,电梯机关受害人,寂寞男
97,求生之路3制作中,寂寞女
98,半条命3预购用户,妓女
99,V社数不到三,激情
100,G胖减肥计划,集体淫
101,Steam夏促难民,奸情
102,库存吃灰大师,叫床
103,购买即通关,脚交
104,愿望单收藏家,金鳞岂是池中物
105,CSGO2测试资格,金麟岂是池中物
106,刀塔新手第十年,精液
107,艾利克斯还在等,就去日
108,传送门三号实验体,巨屌
109,Steam成就乞丐,菊花洞
110,GabeN代缴税员,菊门
111,Valve第三部作品,巨奶
112,守望先锋难民,巨乳
113,守望归来未归来,菊穴
114,阿莱克斯塔萨老公,开苞
115,巫妖王再就业,口爆
116,暴雪退款专员,口活
117,炉石传说受害者,口交
118,这把真是最后一把,口射
119,设计师已尽力,口淫
120,圣光会制裁你,裤袜
121,艾泽拉斯钉子户,狂操
122,希女王公关部,狂插
123,军团再临受害人,浪逼
124,暴雪经典服经典人,浪妇
125,DKP破产用户,浪叫
126,开荒团背锅侠,浪女
127,指挥麦克风炸了,狼友
128,副本门口挂机王,聊性
129,团长亲属关系户,流淫
130,这装备没人要吧,铃木麻
131,出了坐骑算我的,凌辱
132,今天一定毕业,漏乳
133,金团信誉担保,露b
134,全需战神,乱交
135,BOSS机制忽略者,乱伦
136,团灭原因分析师,轮暴
137,插件比人会打,轮操
138,竞拍系统受害者,轮奸
139,这波我的,裸陪
140,队友正在加载,买春
141,打野住我家,美逼
142,中路已蒸发,美少妇
143,这英雄超模吗,美乳
144,版本答案错误版,美腿
145,逆风局指挥家,美穴
146,四保一保护对象,美幼
147,辅助经济学家,秘唇
148,兵线管理大师,迷奸
149,龙坑摄影师,密穴
150,高地守门员,蜜穴
151,开团即下班,蜜液
152,水晶爆炸观察员,摸奶
153,压枪全靠信仰,摸胸
154,爆头属于意外,母奸
155,枪法随机生成,奈美
156,这枪后坐力真大,奶子
157,A大保安队长,男奴
158,狙神加载中,内射
159,急停失败案例,嫩逼
160,投掷物工程师,嫩女
161,道具位艺术家,嫩穴
162,战绩隐藏用户,捏弄
163,自瞄被自瞄打了,女优
164,击杀回放受害者,炮友
165,育碧服务器维护中,砲友
166,育碧Bug体验官,喷精
167,CDPR正在修复,屁眼
168,贝塞斯达特色功能,品香堂
169,陶德霍华德保证过,前凸后翘
170,星空加载中,强jian
171,2077首发用户,强暴
172,预购受害者联盟,强奸处女
173,Day1补丁测试员,情趣用品
174,热修复体验官,情色
175,服务器临时关闭,拳交
176,制作组已知问题,全裸
177,新番等BD版,群交
178,汉化组已解散,惹火身材
179,求生之路3内部测试员,人妻
180,宫崎英高亲自受苦,人兽
181,轻小说腰斩观察员,日逼
182,Valve第三定律,日烂
183,V家过气歌姬推,肉棒
184,新世纪圈钱战士,肉逼
185,机战参战等通知,肉唇
186,TypeMoon填坑中,肉洞
187,FGO第二部第二部,肉缝
188,京阿尼作画监督,肉棍
189,动画化决定待定,肉茎
190,制作委员会成员,肉具
191,原作党不满协会,揉乳
192,塞尔达正在救我,肉穴
193,海拉鲁失业勇者,肉欲
194,林克从不说话,乳爆
195,四神兽售后中心,乳房
196,克洛格赔偿专员,乳沟
197,大师剑冷却中,乳交
198,王国之泪施工队,乳头
199,任亏券战略储备,三级片
200,耀西逃税记录,骚逼
201,卡比资产并购部,骚比
202,宝可梦图鉴外包员,骚女
203,赤红下落不明,骚水
204,小智终于退休了,骚穴
205,阿尔宙斯观察样本,色逼
206,帕鲁不是宝可梦,色界
207,猫车年度会员,色猫
208,古龙气象局,色盟
209,捕获玉丢失者,色情网站
210,斩味焦虑症,色区
211,翔虫驾照吊销,色色
212,钢龙风评被害,色诱
213,黑龙复健中心,色欲
214,猎人公会欠薪部,色b
215,营地睡眠冠军,少年阿宾
216,大剑蓄力过头,少修正
217,龙车保险受益人,射爽
218,怪异化研究员,射颜
219,饭票战略储备,食精
220,艾露猫监护人,释欲
221,闪光弹滥用者,兽奸
222,苦力怕拆迁办,兽交
223,村民交易所,手淫
224,下矿永不回头,兽欲
225,末影箱遗失案,熟妇
226,史蒂夫失踪人口,熟母
227,钻石镐退休干部,熟女
228,红石电路短路中,爽片
229,地狱交通部,爽死我了
230,凋零生成专家,双臀
231,铁傀儡维保员,死逼
232,村庄掠夺许可证,丝袜
233,基岩版受害者,丝诱
234,掉虚空找客服,松岛枫
235,末影龙复活师,酥痒
236,红石信号延迟,汤加丽
237,洛圣都守法公民,套弄
238,五星通缉体验官,体奸
239,莱斯特外包员工,体位
240,抢劫任务钉子户,舔脚
241,崔佛心理医生,舔阴
242,富兰克林停车员,调教
243,麦克证人保护中,偷欢
244,洛圣都税务局,偷拍
245,飞天摩托监察员,推油
246,鲨鱼卡战略投资,脱内裤
247,佩里科岛房东,文做
248,线上模式测试员,我就色
249,地堡库存管理员,无码
250,资产冻结用户,舞女
251,R星画饼部门,无修正
252,膝盖中箭以后 ,吸精
253,天际省送信员 ,夏川纯
254,龙吼扰民举报 ,相奸
255,白漫城保安 ,小逼
256,夜母客服中心 ,校鸡
257,甜卷失窃专案组 ,小穴
258,龙裔暂不接单 ,小xue
259,帝国快递员 ,写真
260,风暴斗篷编外 ,性感妖娆
261,寒落山峰导游 ,性感诱惑
262,黑暗兄弟会HR ,性虎
263,吟游诗人失业中 ,性饥渴
264,盗贼工会会计 ,性技巧
265,奥杜因观察员 ,性交
266,诺德人酒友,性奴
267,白狼退休计划 ,性虐
268,昆特牌公务员 ,性息
269,杰洛特代班中 ,性欲
270,希里迷路记录 ,胸推
271,狩魔猎人协会 ,穴口
272,白果园物业 ,学生妹
273,陶森特酒庄股东 ,穴图
274,狂猎售后客服 ,亚情
275,煎药副作用患者 ,颜射
276,叶奈法通讯录 ,阳具
277,特莉丝通讯录 ,杨思敏
278,湖女之剑验真师 ,要射了
279,史凯利杰海难者 ,夜勤病栋
280,昆特牌本体玩家 ,一本道
281,狼学派编外成员,一夜欢
282,虫群意志外包 ,一夜情
283,神族人口不足 ,一ye情
284,农民正在建造中 ,阴部
285,晶体矿采集员 ,淫虫
286,F2A移动集团 ,阴唇
287,人族机械化遗老 ,淫荡
288,神族折跃快递 ,阴道
289,虫族运营总监 ,淫电影
290,核弹已发射 ,阴阜
291,高阶圣堂武士 ,淫妇
292,供应站堵门事件 ,淫河
293,兵营流水线 ,阴核
294,雷诺酒吧常客 ,阴户
295,凯瑞甘前同事 ,淫贱
296,虚空之遗留守组 ,淫叫
297,剑圣隐身观察员 ,淫教师
298,大法师水元素 ,阴茎
299,山丘之王酒友 ,阴精
300,暴风雪覆盖区域 ,淫浪
301,不死族维修工 ,淫媚
302,冰封王座产权人 ,淫糜
303,暗夜精灵夜班 ,淫魔
304,兽族地洞管理员 ,淫母
305,人口卡八十 ,淫女
306,剑圣砍农民 ,淫虐
307,民兵下班了 ,淫妻
308,分矿施工队 ,淫情
309,TR战术受害者 ,淫色
310,魔兽争霸重制版 ,淫声浪语
311,Moon看了摇头,淫兽学园
312,水晶失窃调查员 ,淫书
313,最终幻想最终部 ,淫术炼金士
314,勇者改行上班 ,淫水
315,魔王军人事部 ,淫娃
316,存档点管理员 ,淫威
317,经验值投资人 ,淫亵
318,迷宫测绘员 ,淫样
319,世界树修剪工 ,淫液
320,王国财政顾问 ,淫照
321,传说中的史莱姆 ,阴b
322,转职手续办理中 ,应召
323,宿屋长期住户 ,幼交
324,隐藏Boss陪练 ,幼男
325,剧情杀受害者 ,幼女
326,二周目居民,欲火
327,,欲女
328,,玉女心经
329,,玉蒲团
330,,玉乳
331,,欲仙欲死
332,,玉穴
333,,援交
334,,原味内衣
335,,援助交际
336,,张筱雨
337,,招鸡
338,,招妓
339,,中年美妇
340,,抓胸
341,,自拍
342,,自慰
343,,作爱
344,,18禁
345,,99bb
346,,a4u
347,,a4y
348,,adult
349,,amateur
350,,anal
351,,a片
352,,fuck
353,,gay片
354,,g点
355,,g片
356,,hardcore
357,,h动画
358,,h动漫
359,,incest
360,,porn
361,,secom
362,,sexinsex
363,,sm女王
364,,xiao77
365,,xing伴侣
366,,tokyohot
367,,yin荡
368,,贱人
369,,装b
370,,大sb
371,,傻逼
372,,傻b
373,,煞逼
374,,煞笔
375,,刹笔
376,,傻比
377,,沙比
378,,欠干
379,,婊子养的
380,,我日你
381,,我操
382,,我草
383,,卧艹
384,,卧槽
385,,爆你菊
386,,艹你
387,,cao你
388,,你他妈
389,,真他妈
390,,别他吗
391,,草你吗
392,,草你丫
393,,操你妈
394,,擦你妈
395,,操你娘
396,,操他妈
397,,日你妈
398,,干你妈
399,,干你娘
400,,娘西皮
401,,狗操
402,,狗草
403,,狗杂种
404,,狗日的
405,,操你祖宗
406,,操你全家
407,,操你大爷
408,,妈逼
409,,你麻痹
410,,麻痹的
411,,妈了个逼
412,,马勒
413,,狗娘养
414,,贱比
415,,贱b
416,,下贱
417,,死全家
418,,全家死光
419,,全家不得好死
420,,全家死绝
421,,白痴
422,,无耻
423,,sb
424,,杀b
425,,你吗b
426,,你妈的
427,,婊子
428,,贱货
429,,人渣
430,,混蛋
431,,媚外
432,,和弦
433,,兼职
434,,限量
435,,铃声
436,,性伴侣
437,,男公关
438,,火辣
439,,精子
440,,射精
441,,诱奸
442,,强奸
443,,做爱
444,,性爱
445,,发生关系
446,,按摩
447,,快感
448,,处男
449,,猛男
450,,少妇
451,,屌
452,,屁股
453,,下体
454,,a片
455,,内裤
456,,浑圆
457,,咪咪
458,,发情
459,,刺激
460,,白嫩
461,,粉嫩
462,,兽性
463,,风骚
464,,呻吟
465,,sm
466,,阉割
467,,高潮
468,,裸露
469,,不穿
470,,一丝不挂
471,,脱光
472,,干你
473,,干死
474,,我干
475,,裙中性运动
476,,乱奸
477,,乱伦
478,,乱伦类
479,,乱伦小
480,,伦理大
481,,伦理电影
482,,伦理毛
483,,伦理片
484,,裸聊
485,,裸聊网
486,,裸体写真
487,,裸舞视
488,,裸照
489,,美女裸体
490,,美女写真
491,,美女上门
492,,美艳少妇
493,,妹按摩
494,,妹上门
495,,迷幻药
496,,迷幻藥
497,,迷昏口
498,,迷昏药
499,,迷昏藥
500,,迷魂香
501,,迷魂药
502,,迷魂藥
503,,迷奸粉
504,,迷奸药
505,,迷情粉
506,,迷情水
507,,迷情药
508,,迷药
509,,迷藥
510,,谜奸药
511,,骚妇
512,,骚货
513,,骚浪
514,,骚女
515,,骚嘴
516,,色电影
517,,色妹妹
518,,色情表演
519,,色情电影
520,,色情服务
521,,色情图片
522,,色情小说
523,,色情影片
524,,色情表演
525,,色情电影
526,,色情服务
527,,色情片
528,,色视频
529,,色小说
530,,性伴侣
531,,性服务
532,,性福情
533,,性感少
534,,性伙伴
535,,性交
536,,性交视频
537,,性交图片
538,,性奴
539,,性奴集中营
540,,性虐
541,,阴唇
542,,阴道
543,,阴蒂
544,,阴户
545,,阴间来电
546,,阴茎
547,,阴茎增大
548,,阴茎助勃
549,,阴毛
550,,陰唇
551,,陰道
552,,陰戶
553,,淫荡
554,,淫荡美女
555,,淫荡视频
556,,淫荡照片
557,,淫乱
558,,淫靡
559,,淫魔
560,,淫魔舞
561,,淫女
562,,淫情女
563,,淫肉
564,,淫騷妹
565,,淫兽
566,,淫兽学
567,,淫水
568,,淫穴
569,,morphine
570,,摇头丸
571,,迷药
572,,乖乖粉
573,,narcotic
574,,麻醉药
575,,精神药品
576,,爱女人
577,,爱液
578,,按摩棒
579,,拔出来
580,,爆草
581,,包二奶
582,,暴干
583,,暴奸
584,,暴乳
585,,爆乳
586,,暴淫
587,,屄
588,,被操
589,,被插
590,,被干
591,,逼奸
592,,仓井空
593,,插暴
594,,操逼
595,,操黑
596,,操烂
597,,肏你
598,,肏死
599,,操死
600,,操我
601,,厕奴
602,,插比
603,,插b
604,,插逼
605,,插进
606,,插你
607,,插我
608,,插阴
609,,潮吹
610,,潮喷
611,,成人电影
612,,成人论坛
613,,成人色情
614,,成人网站
615,,成人文学
616,,成人小说
617,,艳情小说
618,,成人游戏
619,,吃精
620,,赤裸
621,,抽插
622,,扌由插
623,,抽一插
624,,春药
625,,大波
626,,大力抽送
627,,大乳
628,,荡妇
629,,荡女
630,,盗撮
631,,多人轮
632,,发浪
633,,放尿
634,,肥逼
635,,粉穴
636,,封面女郎
637,,风月大陆
638,,干死你
639,,干穴
640,,肛交
641,,肛门
642,,龟头
643,,裹本
644,,国产av
645,,好嫩
646,,豪乳
647,,黑逼
648,,后庭
649,,后穴
650,,虎骑
651,,花花公子
652,,换妻俱乐部
653,,黄片
654,,几吧
655,,鸡吧
656,,鸡巴
657,,鸡奸
658,,寂寞男
659,,寂寞女
660,,妓女
661,,激情
662,,集体淫
663,,奸情
664,,叫床
665,,脚交
666,,金鳞岂是池中物
667,,金麟岂是池中物
668,,精液
669,,就去日
670,,巨屌
671,,菊花洞
672,,菊门
673,,巨奶
674,,巨乳
675,,菊穴
676,,开苞
677,,口爆
678,,口活
679,,口交
680,,口射
681,,口淫
682,,裤袜
683,,狂操
684,,狂插
685,,浪逼
686,,浪妇
687,,浪叫
688,,浪女
689,,狼友
690,,聊性
691,,流淫
692,,铃木麻
693,,凌辱
694,,漏乳
695,,露b
696,,乱交
697,,乱伦
698,,轮暴
699,,轮操
700,,轮奸
701,,裸陪
702,,买春
703,,美逼
704,,美少妇
705,,美乳
706,,美腿
707,,美穴
708,,美幼
709,,秘唇
710,,迷奸
711,,密穴
712,,蜜穴
713,,蜜液
714,,摸奶
715,,摸胸
716,,母奸
717,,奈美
718,,奶子
719,,男奴
720,,内射
721,,嫩逼
722,,嫩女
723,,嫩穴
724,,捏弄
725,,女优
726,,炮友
727,,砲友
728,,喷精
729,,屁眼
730,,品香堂
731,,前凸后翘
732,,强jian
733,,强暴
734,,强奸处女
735,,情趣用品
736,,情色
737,,拳交
738,,全裸
739,,群交
740,,惹火身材
741,,人妻
742,,人兽
743,,日逼
744,,日烂
745,,肉棒
746,,肉逼
747,,肉唇
748,,肉洞
749,,肉缝
750,,肉棍
751,,肉茎
752,,肉具
753,,揉乳
754,,肉穴
755,,肉欲
756,,乳爆
757,,乳房
758,,乳沟
759,,乳交
760,,乳头
761,,三级片
762,,骚逼
763,,骚比
764,,骚女
765,,骚水
766,,骚穴
767,,色逼
768,,色界
769,,色猫
770,,色盟
771,,色情网站
772,,色区
773,,色色
774,,色诱
775,,色欲
776,,色b
777,,少年阿宾
778,,少修正
779,,射爽
780,,射颜
781,,食精
782,,释欲
783,,兽奸
784,,兽交
785,,手淫
786,,兽欲
787,,熟妇
788,,熟母
789,,熟女
790,,爽片
791,,爽死我了
792,,双臀
793,,死逼
794,,丝袜
795,,丝诱
796,,松岛枫
797,,酥痒
798,,汤加丽
799,,套弄
800,,体奸
801,,体位
802,,舔脚
803,,舔阴
804,,调教
805,,偷欢
806,,偷拍
807,,推油
808,,脱内裤
809,,文做
810,,我就色
811,,无码
812,,舞女
813,,无修正
814,,吸精
815,,夏川纯
816,,相奸
817,,小逼
818,,校鸡
819,,小穴
820,,小xue
821,,写真
822,,性感妖娆
823,,性感诱惑
824,,性虎
825,,性饥渴
826,,性技巧
827,,性交
828,,性奴
829,,性虐
830,,性息
831,,性欲
832,,胸推
833,,穴口
834,,学生妹
835,,穴图
836,,亚情
837,,颜射
838,,阳具
839,,杨思敏
840,,要射了
841,,夜勤病栋
842,,一本道
843,,一夜欢
844,,一夜情
845,,一ye情
846,,阴部
847,,淫虫
848,,阴唇
849,,淫荡
850,,阴道
851,,淫电影
852,,阴阜
853,,淫妇
854,,淫河
855,,阴核
856,,阴户
857,,淫贱
858,,淫叫
859,,淫教师
860,,阴茎
861,,阴精
862,,淫浪
863,,淫媚
864,,淫糜
865,,淫魔
866,,淫母
867,,淫女
868,,淫虐
869,,淫妻
870,,淫情
871,,淫色
872,,淫声浪语
873,,淫兽学园
874,,淫书
875,,淫术炼金士
876,,淫水
877,,淫娃
878,,淫威
879,,淫亵
880,,淫样
881,,淫液
882,,淫照
883,,阴b
884,,应召
885,,幼交
886,,幼男
887,,幼女
888,,欲火
889,,欲女
890,,玉女心经
891,,玉蒲团
892,,玉乳
893,,欲仙欲死
894,,玉穴
895,,援交
896,,原味内衣
897,,援助交际
898,,张筱雨
899,,招鸡
900,,招妓
901,,中年美妇
902,,抓胸
903,,自拍
904,,自慰
905,,作爱
906,,18禁
907,,99bb
908,,a4u
909,,a4y
910,,adult
911,,amateur
912,,anal
913,,a片
914,,fuck
915,,gay片
916,,g点
917,,g片
918,,hardcore
919,,h动画
920,,h动漫
921,,incest
922,,porn
923,,secom
924,,sexinsex
925,,sm女王
926,,xiao77
927,,xing伴侣
928,,tokyohot
929,,yin荡
930,,腐败中国
931,,三个呆婊
932,,你办事我放心
933,,社会主义灭亡
934,,打倒中国
935,,打倒共产党
936,,打倒共产主义
937,,打倒胡锦涛
938,,打倒江泽民
939,,打倒江主席
940,,打倒李鹏
941,,打倒罗干
942,,打倒温家宝
943,,打倒中共
944,,打倒朱镕
945,,抵制共产党
946,,抵制共产主义
947,,抵制胡锦涛
948,,抵制江泽民
949,,抵制江主席
950,,抵制李鹏
951,,抵制罗干
952,,抵制温家宝
953,,抵制中共
954,,抵制朱镕基
955,,灭亡中国
956,,亡党亡国
957,,粉碎四人帮
958,,激流中国
959,,特供
960,,特贡
961,,特共
962,,zf大楼
963,,殃视
964,,贪污腐败
965,,强制拆除
966,,形式主义
967,,政治风波
968,,太子党
969,,上海帮
970,,北京帮
971,,清华帮
972,,红色贵族
973,,权贵集团
974,,河蟹社会
975,,喝血社会
976,,九风
977,,9风
978,,十七大
979,,十7大
980,,17da
981,,九学
982,,9学
983,,四风
984,,4风
985,,双规
986,,南街村
987,,最淫官员
988,,警匪
989,,官匪
990,,独夫民贼
991,,官商勾结
992,,城管暴力执法
993,,强制捐款
994,,毒豺
995,,一党执政
996,,一党专制
997,,一党专政
998,,专制政权
999,,宪法法院
1000,,胡平
1001,,苏晓康
1002,,贺卫方
1003,,谭作人
1004,,焦国标
1005,,万润南
1006,,张志新
1007,,辛灝年
1008,,高勤荣
1009,,王炳章
1010,,高智晟
1011,,司马璐
1012,,刘晓竹
1013,,刘宾雁
1014,,魏京生
1015,,寻找林昭的灵魂
1016,,别梦成灰
1017,,谁是新中国
1018,,讨伐中宣部
1019,,异议人士
1020,,民运人士
1021,,启蒙派
1022,,选国家主席
1023,,民一主
1024,,min主
1025,,民竹
1026,,民珠
1027,,民猪
1028,,chinesedemocracy
1029,,大赦国际
1030,,国际特赦
1031,,da选
1032,,投公
1033,,公头
1034,,宪政
1035,,平反
1036,,党章
1037,,维权
1038,,昝爱宗
1039,,宪章
1040,,08宪
1041,,08xz
1042,,抿主
1043,,敏主
1044,,人拳
1045,,人木又
1046,,人quan
1047,,renquan
1048,,中国人权
1049,,中国新民党
1050,,群体事件
1051,,群体性事件
1052,,上中央
1053,,去中央
1054,,讨说法
1055,,请愿
1056,,请命
1057,,公开信
1058,,联名上书
1059,,万人大签名
1060,,万人骚动
1061,,截访
1062,,上访
1063,,shangfang
1064,,信访
1065,,访民
1066,,集合
1067,,集会
1068,,组织集体
1069,,静坐
1070,,静zuo
1071,,jing坐
1072,,示威
1073,,示wei
1074,,游行
1075,,you行
1076,,油行
1077,,游xing
1078,,youxing
1079,,官逼民反
1080,,反party
1081,,反共
1082,,抗议
1083,,亢议
1084,,抵制
1085,,低制
1086,,底制
1087,,di制
1088,,抵zhi
1089,,dizhi
1090,,boycott
1091,,血书
1092,,焚烧中国国旗
1093,,baoluan
1094,,流血冲突
1095,,出现暴动
1096,,发生暴动
1097,,引起暴动
1098,,baodong
1099,,灭共
1100,,杀毙
1101,,罢工
1102,,霸工
1103,,罢考
1104,,罢餐
1105,,霸餐
1106,,罢参
1107,,罢饭
1108,,罢吃
1109,,罢食
1110,,罢课
1111,,罢ke
1112,,霸课
1113,,ba课
1114,,罢教
1115,,罢学
1116,,罢运
1117,,网特
1118,,网评员
1119,,网络评论员
1120,,五毛党
1121,,五毛们
1122,,5毛党
1123,,戒严
1124,,jieyan
1125,,jie严
1126,,戒yan
1127,,8的平方事件
1128,,知道64
1129,,八九年
1130,,贰拾年
1131,,2o年
1132,,20和谐年
1133,,贰拾周年
1134,,六四
1135,,六河蟹四
1136,,六百度四
1137,,六和谐四
1138,,陆四
1139,,陆肆
1140,,198964
1141,,5月35
1142,,89年春夏之交
1143,,64惨案
1144,,64时期
1145,,64运动
1146,,4事件
1147,,四事件
1148,,北京风波
1149,,学潮
1150,,学chao
1151,,xuechao
1152,,学百度潮
1153,,门安天
1154,,天按门
1155,,坦克压大学生
1156,,民主女神
1157,,历史的伤口
1158,,高自联
1159,,北高联
1160,,血洗京城
1161,,四二六社论
1162,,王丹
1163,,柴玲
1164,,沈彤
1165,,封从德
1166,,王超华
1167,,王维林
1168,,吾尔开希
1169,,吾尔开西
1170,,侯德健
1171,,阎明复
1172,,方励之
1173,,蒋捷连
1174,,丁子霖
1175,,辛灏年
1176,,蒋彦永
1177,,严家其
1178,,陈一咨
1179,,中华局域网
1180,,党的喉舌
1181,,互联网审查
1182,,当局严密封锁
1183,,新闻封锁
1184,,封锁消息
1185,,爱国者同盟
1186,,关闭所有论坛
1187,,网络封锁
1188,,金盾工程
1189,,gfw
1190,,无界浏览
1191,,无界网络
1192,,自由门
1193,,何清涟
1194,,中国的陷阱
1195,,汪兆钧
1196,,记者无疆界
1197,,境外媒体
1198,,维基百科
1199,,纽约时报
1200,,bbc中文网
1201,,华盛顿邮报
1202,,世界日报
1203,,东森新闻网
1204,,东森电视
1205,,星岛日报
1206,,wikipedia
1207,,youtube
1208,,googleblogger
1209,,美国广播公司
1210,,英国金融时报
1211,,自由亚洲
1212,,自由时报
1213,,中国时报
1214,,反分裂
1215,,威胁论
1216,,左翼联盟
1217,,钓鱼岛
1218,,保钓组织
1219,,主权
1220,,弓单
1221,,火乍
1222,,木仓
1223,,石肖
1224,,核蛋
1225,,步qiang
1226,,bao炸
1227,,爆zha
1228,,baozha
1229,,zha药
1230,,zha弹
1231,,炸dan
1232,,炸yao
1233,,zhadan
1234,,zhayao
1235,,hmtd
1236,,三硝基甲苯
1237,,六氟化铀
1238,,炸药配方
1239,,弹药配方
1240,,炸弹配方
1241,,皮箱炸弹
1242,,火药配方
1243,,人体炸弹
1244,,人肉炸弹
1245,,解放军
1246,,兵力部署
1247,,军转
1248,,军事社
1249,,8341部队
1250,,第21集团军
1251,,七大军区
1252,,7大军区
1253,,北京军区
1254,,沈阳军区
1255,,济南军区
1256,,成都军区
1257,,广州军区
1258,,南京军区
1259,,兰州军区
1260,,颜色革命
1261,,规模冲突
1262,,塔利班
1263,,基地组织
1264,,恐怖分子
1265,,恐怖份子
1266,,三股势力
1267,,印尼屠华
1268,,印尼事件
1269,,蒋公纪念歌
1270,,马英九
1271,,mayingjiu
1272,,李天羽
1273,,苏贞昌
1274,,林文漪
1275,,陈水扁
1276,,陈s扁
1277,,陈随便
1278,,阿扁
1279,,a扁
1280,,告全国同胞书
1281,,台百度湾
1282,,台完
1283,,台wan
1284,,taiwan
1285,,台弯
1286,,湾台
1287,,台湾国
1288,,台湾共和国
1289,,台军
1290,,台独
1291,,台毒
1292,,台du
1293,,taidu
1294,,twdl
1295,,一中一台
1296,,打台湾
1297,,两岸战争
1298,,攻占台湾
1299,,支持台湾
1300,,进攻台湾
1301,,占领台湾
1302,,统一台湾
1303,,收复台湾
1304,,登陆台湾
1305,,解放台湾
1306,,解放tw
1307,,解决台湾
1308,,光复民国
1309,,台湾独立
1310,,台湾问题
1311,,台海问题
1312,,台海危机
1313,,台海统一
1314,,台海大战
1315,,台海战争
1316,,台海局势
1317,,入联
1318,,入耳关
1319,,中华联邦
1320,,国民党
1321,,x民党
1322,,民进党
1323,,青天白日
1324,,闹独立
1325,,duli
1326,,fenlie
1327,,日本万岁
1328,,小泽一郎
1329,,劣等民族
1330,,汉人
1331,,汉维
1332,,维汉
1333,,维吾
1334,,吾尔
1335,,热比娅
1336,,伊力哈木
1337,,疆独
1338,,东突厥斯坦解放组织
1339,,东突解放组织
1340,,蒙古分裂分子
1341,,列确
1342,,阿旺晋美
1343,,藏人
1344,,臧人
1345,,zang人
1346,,藏民
1347,,藏m
1348,,达赖
1349,,赖达
1350,,dalai
1351,,哒赖
1352,,dl喇嘛
1353,,丹增嘉措
1354,,打砸抢
1355,,西独
1356,,藏独
1357,,葬独
1358,,臧独
1359,,藏毒
1360,,藏du
1361,,zangdu
1362,,支持zd
1363,,藏暴乱
1364,,藏青会
1365,,雪山狮子旗
1366,,拉萨
1367,,啦萨
1368,,啦沙
1369,,啦撒
1370,,拉sa
1371,,lasa
1372,,la萨
1373,,西藏
1374,,藏西
1375,,藏春阁
1376,,藏獨
1377,,藏独
1378,,藏独立
1379,,藏妇会
1380,,藏青会
1381,,藏字石
1382,,xizang
1383,,xi藏
1384,,x藏
1385,,西z
1386,,tibet
1387,,希葬
1388,,希藏
1389,,硒藏
1390,,稀藏
1391,,西脏
1392,,西奘
1393,,西葬
1394,,西臧
1395,,援藏
1396,,bjork
1397,,王千源
1398,,安拉
1399,,回教
1400,,回族
1401,,回回
1402,,回民
1403,,穆斯林
1404,,穆罕穆德
1405,,穆罕默德
1406,,默罕默德
1407,,伊斯兰
1408,,圣战组织
1409,,清真
1410,,清zhen
1411,,qingzhen
1412,,真主
1413,,阿拉伯
1414,,高丽棒子
1415,,韩国狗
1416,,满洲第三帝国
1417,,满狗
1418,,鞑子
1419,,江丑闻
1420,,江嫡系
1421,,江毒
1422,,江独裁
1423,,江蛤蟆
1424,,江核心
1425,,江黑心
1426,,江胡内斗
1427,,江祸心
1428,,江家帮
1429,,江绵恒
1430,,江派和胡派
1431,,江派人马
1432,,江泉集团
1433,,江人马
1434,,江三条腿
1435,,江氏集团
1436,,江氏家族
1437,,江氏政治局
1438,,江氏政治委员
1439,,江梳头
1440,,江太上
1441,,江戏子
1442,,江系人
1443,,江系人马
1444,,江宰民
1445,,江贼
1446,,江贼民
1447,,江主席
1448,,麻果丸
1449,,麻将透
1450,,麻醉弹
1451,,麻醉狗
1452,,麻醉枪
1453,,麻醉槍
1454,,麻醉药
1455,,麻醉藥
1456,,台独
1457,,台湾版假币
1458,,台湾独立
1459,,台湾国
1460,,台湾应该独立
1461,,台湾有权独立
1462,,天灭中共
1463,,中共帮凶
1464,,中共保命
1465,,中共裁
1466,,中共党文化
1467,,中共腐败
1468,,中共的血旗
1469,,中共的罪恶
1470,,中共帝国
1471,,中共独裁
1472,,中共封锁
1473,,中共封网
1474,,中共腐败
1475,,中共黑
1476,,中共黑帮
1477,,中共解体
1478,,中共近期权力斗争
1479,,中共恐惧
1480,,中共权力斗争
1481,,中共任用
1482,,中共退党
1483,,中共洗脑
1484,,中共邪教
1485,,中共邪毒素
1486,,中共政治游戏
1487,,福音会
1488,,中国教徒
1489,,统一教
1490,,观音法门
1491,,清海无上师
1492,,盘古
1493,,李洪志
1494,,志洪李
1495,,李宏志
1496,,轮功
1497,,法轮
1498,,轮法功
1499,,三去车仑
1500,,氵去车仑
1501,,发论工
1502,,法x功
1503,,法o功
1504,,法0功
1505,,法一轮一功
1506,,轮子功
1507,,车仑工力
1508,,法lun
1509,,fa轮
1510,,法lg
1511,,flg
1512,,fl功
1513,,falungong
1514,,大法弟子
1515,,大纪元
1516,,dajiyuan
1517,,明慧网
1518,,明慧周报
1519,,正见网
1520,,新唐人
1521,,伪火
1522,,退党
1523,,tuidang
1524,,退dang
1525,,超越红墙
1526,,自fen
1527,,真善忍
1528,,九评
1529,,9评
1530,,9ping
1531,,九ping
1532,,jiuping
1533,,藏字石
1534,,集体自杀
1535,,自sha
1536,,zi杀
1537,,suicide
1538,,titor
1539,,逢8必灾
1540,,逢八必灾
1541,,逢9必乱
1542,,逢九必乱
1543,,朱瑟里诺
1544,,根达亚文明
1545,,诺查丹玛斯
1546,,人类灭亡进程表
1547,,按照马雅历法
1548,,推背图
1549,,推bei图
1550,,济世灵文
1551,,诸世纪
1552,,电狗
1553,,电话定位器
1554,,电话拦截器
1555,,电话窃听
1556,,电话监
1557,,电话交友
1558,,电话追杀系统
1559,,电击枪
1560,,电鸡
1561,,电警棒
1562,,枪出售
1563,,枪的制
1564,,枪货到
1565,,枪决女犯
1566,,枪模
1567,,枪手
1568,,枪销售
1569,,枪械制
1570,,枪子弹
1571,,售步枪
1572,,售纯度
1573,,售单管
1574,,售弹簧刀
1575,,售防身
1576,,售狗子
1577,,售虎头
1578,,售火药
1579,,售假币
1580,,售健卫
1581,,售军用
1582,,售猎枪
1583,,售氯胺
1584,,售麻醉
1585,,售枪支
1586,,售热武
1587,,售三棱
1588,,售手枪
1589,,售五四
1590,,售一元硬
1591,,售子弹
1592,,售左轮
1593,,亚砷（酸）酐
1594,,亚砷酸钾
1595,,亚砷酸钠
1596,,亚硒酸
1597,,亚硒酸二钠
1598,,亚硒酸镁
1599,,亚硒酸钠
1600,,亚硒酸氢钠
1601,,亚硝酸乙酯
1602,,亚硝酰乙氧
1603,,氧化二丁基锡
1604,,氧化汞
1605,,氧化铊
1606,,氧化亚铊
1607,,氧氯化磷
1608,,原装弹
1609,,原子弹方法
1610,,原子弹清单
1611,,安眠酮
1612,,代血浆
1613,,普萘洛尔
1614,,呋塞米
1615,,西布曲明
1616,,testosterone
1617,,胰岛素样生长因子
1618,,促红细胞生成素
1619,,地西泮
1620,,尼可刹米
1621,,甲睾酮
1622,,adrenaline
1623,,erythropoietin
1624,,地奈德
1625,,莫达非尼
1626,,氯噻嗪
1627,,苯巴比妥
1628,,促性腺激素
1629,,泼尼松
1630,,麻黄草
1631,,雄烯二醇
1632,,地塞米松
1633,,tamoxifen
1634,,strychnine
1635,,androst
1636,,新型毒品
1637,,杜冷丁
1638,,兴奋剂
1639,,mdma
1640,,海洛因
1641,,海luo因
1642,,heroin
1643,,diamorphine
1644,,diacetylmorphine
1645,,鸦片
1646,,阿芙蓉
1647,,咖啡因
1648,,cocain
1649,,三唑仑
1650,,美沙酮
1651,,麻古
1652,,k粉
1653,,凯他敏
1654,,ketamine
1655,,冰毒
1656,,苯丙胺
1657,,cannabis
1658,,大麻
1659,,爱他死
1660,,氯胺酮
1661,,benzodiazepines
1662,,甲基安非他明
1663,,安非他命
1664,,吗啡
1665,,打人
1666,,打人
1667,,
1668,,
1669,,纠纷
1670,,纠纷
1671,,盗窃
1672,,盗窃
1673,,安眠酮
1674,,代药物毒品类：血浆
1675,,普萘洛尔
1676,,呋塞米
1677,,西布曲明
1678,,testosterone
1679,,胰岛素样生长因子
1680,,促红细胞生成素
1681,,地西泮
1682,,尼可刹米
1683,,甲睾酮
1684,,adrenaline
1685,,erythropoietin
1686,,地奈德
1687,,莫达非尼
1688,,氯噻嗪
1689,,苯巴比妥
1690,,促性腺激素
1691,,泼尼松
1692,,麻黄草
1693,,雄烯二醇
1694,,地塞米松
1695,,tamoxifen
1696,,strychnine
1697,,androst
1698,,新型毒品
1699,,杜冷丁
1700,,兴奋剂
1701,,mdma
1702,,海洛因
1703,,海luo因
1704,,heroin
1705,,diamorphine
1706,,diacetylmorphine
1707,,鸦片
1708,,阿芙蓉
1709,,咖啡因
1710,,cocain
1711,,三唑仑
1712,,美沙酮
1713,,麻古
1714,,k粉
1715,,凯他敏
1716,,ketamine
1717,,冰毒
1718,,苯丙胺
1719,,cannabis
1720,,大麻
1721,,爱他死
1722,,氯胺酮
1723,,benzodiazepines
1724,,甲基安非他明
1725,,安非他命
1726,,吗啡
1727,,morphine
1728,,摇头丸
1729,,迷药
1730,,乖乖粉
1731,,narcotic
1732,,麻醉药
1733,,精神药品
1734,,专业代理
1735,,帮忙点一下
1736,,帮忙点下
1737,,请点击进入
1738,,详情请进入
1739,,私人侦探
1740,,私家侦探
1741,,针孔摄象
1742,,调查婚外情
1743,,信用卡提现
1744,,无抵押贷款
1745,,广告代理
1746,,原音铃声
1747,,借腹生子
1748,,找个妈妈
1749,,找个爸爸
1750,,代孕妈妈
1751,,代生孩子
1752,,代开发票
1753,,腾讯客服电话
1754,,销售热线
1755,,免费订购热线
1756,,低价出售
1757,,款到发货
1758,,回复可见
1759,,连锁加盟
1760,,加盟连锁
1761,,免费二级域名
1762,,免费使用
1763,,免费索取
1764,,蚁力神
1765,,婴儿汤
1766,,售肾
1767,,刻章办
1768,,买小车
1769,,套牌车
1770,,玛雅网
1771,,电脑传讯
1772,,视频来源
1773,,下载速度
1774,,高清在线
1775,,全集在线
1776,,在线播放
1777,,txt下载
1778,,六位qq
1779,,6位qq
1780,,位的qq
1781,,个qb
1782,,送qb
1783,,用刀横向切腹
1784,,完全自杀手册
1785,,四海帮
1786,,足球投注
1787,,地下钱庄
1788,,中国复兴党
1789,,阿波罗网
1790,,曾道人
1791,,六合彩
1792,,改卷内幕
1793,,替考试
1794,,隐形耳机
1795,,出售答案
1796,,考中答案
1797,,答an
1798,,da案
1799,,资金周转
1800,,救市
1801,,股市圈钱
1802,,崩盘
1803,,资金短缺
1804,,证监会
1805,,质押贷款
1806,,小额贷款
1807,,周小川
1808,,刘明康
1809,,尚福林
1810,,孔丹
1811,,汉芯造假
1812,,杨树宽
1813,,中印边界谈判结果
1814,,喂奶门
1815,,摸nai门
1816,,酒瓶门
1817,,脱裤门
1818,,75事件
1819,,乌鲁木齐
1820,,新疆骚乱
1821,,针刺
1822,,打针
1823,,食堂涨价
1824,,饭菜涨价
1825,,h1n1
1826,,瘟疫爆发
1827,,yangjia
1828,,y佳
1829,,yang佳
1830,,杨佳
1831,,杨j
1832,,袭警
1833,,杀警
1834,,武侯祠
1835,,川b26931
1836,,贺立旗
1837,,周正毅
1838,,px项目
1839,,骂四川
1840,,家l福
1841,,家le福
1842,,加了服
1843,,麦当劳被砸
1844,,豆腐渣
1845,,这不是天灾
1846,,龙小霞
1847,,震其国土
1848,,yuce
1849,,提前预测
1850,,地震预测
1851,,隐瞒地震
1852,,李四光预测
1853,,蟾蜍迁徙
1854,,地震来得更猛烈
1855,,八级地震毫无预报
1856,,踩踏事故
1857,,聂树斌
1858,,万里大造林
1859,,陈相贵
1860,,张丹红
1861,,尹方明
1862,,李树菲
1863,,王奉友
1864,,零八奥运艰
1865,,惨奥
1866,,奥晕
1867,,凹晕
1868,,懊运
1869,,懊孕
1870,,奥孕
1871,,奥你妈的运
1872,,反奥
1873,,628事件
1874,,weng安
1875,,wengan
1876,,翁安
1877,,瓮安事件
1878,,化工厂爆炸
1879,,讨回工资
1880,,代办发票
1881,,代办各
1882,,代办文
1883,,代办学
1884,,代办制
1885,,代辦
1886,,代表烦
1887,,代开发票
1888,,代開
1889,,代考
1890,,代理发票
1891,,代理票据
1892,,代您考
1893,,代讨债
1894,,代写毕
1895,,代写论文
1896,,代孕
1897,,代追债
1898,,考后付款
1899,,考机构
1900,,考考邓
1901,,考联盟
1902,,考前答案
1903,,考前付
1904,,考前密卷
1905,,考前预测
1906,,考试
1907,,考试
1908,,考试包过
1909,,考试保
1910,,考试答案
1911,,考试机构
1912,,考试联盟
1913,,考试枪
1914,,考试作弊
1915,,考试作弊器
1916,,考研考中
1917,,考中答案
1918,,透视功能
1919,,透视镜
1920,,透视扑
1921,,透视器
1922,,透视眼睛
1923,,透视眼镜
1924,,透视药
1925,,透视仪
1926,,打死经过
1927,,打死人
1928,,打砸办公
1929,,打砸抢
1930,,安眠酮
1931,,代血浆
1932,,普萘洛尔
1933,,呋塞米
1934,,西布曲明
1935,,testosterone
1936,,胰岛素样生长因子
1937,,促红细胞生成素
1938,,地西泮
1939,,尼可刹米
1940,,甲睾酮
1941,,adrenaline
1942,,erythropoietin
1943,,地奈德
1944,,莫达非尼
1945,,氯噻嗪
1946,,苯巴比妥
1947,,促性腺激素
1948,,泼尼松
1949,,麻黄草
1950,,雄烯二醇
1951,,地塞米松
1952,,tamoxifen
1953,,strychnine
1954,,androst
1955,,新型毒品
1956,,杜冷丁
1957,,兴奋剂
1958,,mdma
1959,,海洛因
1960,,海luo因
1961,,heroin
1962,,diamorphine
1963,,diacetylmorphine
1964,,鸦片
1965,,阿芙蓉
1966,,咖啡因
1967,,cocain
1968,,三唑仑
1969,,美沙酮
1970,,麻古
1971,,k粉
1972,,凯他敏
1973,,ketamine
1974,,冰毒
1975,,苯丙胺
1976,,cannabis
1977,,大麻
1978,,爱他死
1979,,氯胺酮
1980,,benzodiazepines
1981,,甲基安非他明
1982,,安非他命
1983,,吗啡
1984,,KC短信
1985,,KC嘉年华
1986,,短信广告
1987,,短信群发
1988,,短信群发器
1989,,小6灵通
1990,,短信商务广告
1991,,段录定
1992,,无界浏览
1993,,无界浏览器
1994,,无界
1995,,无网界
1996,,无网界浏览
1997,,无帮国
1998,,KC提示
1999,,KC网站
2000,,UP8新势力
2001,,白皮书
2002,,UP新势力
2003,,移民
2004,,易达网络卡
2005,,安魂网
2006,,罢工
2007,,罢课
2008,,纽崔莱七折
2009,,手机复制
2010,,手机铃声
2011,,网关
2012,,神通加持法
2013,,全1球通
2014,,如6意通
2015,,清仓
2016,,灵动卡
2017,,答案卫星接收机
2018,,高薪养廉
2019,,考后付款
2020,,佳静安定片
2021,,航空母舰
2022,,航空售票
2023,,号码百事通
2024,,考前发放
2025,,成本价
2026,,诚信通手机商城
2027,,高利贷
2028,,联4通
2029,,黑庄
2030,,黑手党
2031,,黑车
2032,,联通贵宾卡
2033,,联总
2034,,联总这声传单
2035,,联总之声传单
2036,,高息贷款
2037,,高干子弟
2038,,恭喜你的号码
2039,,恭喜您的号码
2040,,高干子女
2041,,各个银行全称
2042,,各种发票
2043,,高官
2044,,高官互调
2045,,高官子女
2046,,喝一送一
2047,,卡号
2048,,复制
2049,,监听王
2050,,传单
2051,,旦科
2052,,钓鱼岛
2053,,钓鱼台
2054,,当官靠后台
2055,,党校安插亲信
2056,,传九促三
2057,,客户端非法字符
2058,,刻章
2059,,大麻树脂
2060,,大麻油
2061,,
2062,,大法弟子
2063,,dpp大法
2064,,fa lun
2065,,falu
2066,,发抡
2067,,发抡功
2068,,洗脑
2069,,下法轮
2070,,发轮
2071,,发伦
2072,,发伦功
2073,,发仑
2074,,发沦
2075,,发纶
2076,,发论
2077,,发论功
2078,,发论公
2079,,发正念
2080,,发囵
2081,,发愣
2082,,发瞟
2083,,罚抡
2084,,罚伦
2085,,罚仑
2086,,罚沦
2087,,罚纶
2088,,罚囵
2089,,筏抡
2090,,筏轮
2091,,筏伦
2092,,筏仑
2093,,筏沦
2094,,筏纶
2095,,筏论
2096,,筏囵
2097,,伐抡
2098,,伐轮
2099,,伐伦
2100,,伐仑
2101,,伐沦
2102,,伐论
2103,,伐囵
2104,,乏抡
2105,,乏轮
2106,,乏伦
2107,,乏仑
2108,,乏沦
2109,,乏纶
2110,,乏论
2111,,乏囵
2112,,阀抡
2113,,阀伦
2114,,阀仑
2115,,阀沦
2116,,阀纶
2117,,阀论
2118,,阀囵
2119,,法 轮 功
2120,,法*功
2121,,法.轮.功
2122,,法L功
2123,,法lun功
2124,,法功
2125,,法会
2126,,法抡
2127,,法抡功
2128,,法轮
2129,,法轮大法
2130,,法轮佛法
2131,,法轮功
2132,,法伦
2133,,法仑
2134,,法沦
2135,,法纶
2136,,法论
2137,,法十轮十功
2138,,法西斯
2139,,法院
2140,,法正
2141,,法谪
2142,,法谪功
2143,,法輪
2144,,法囵
2145,,法愣
2146,,珐.輪功
2147,,珐抡
2148,,珐轮
2149,,珐伦
2150,,珐仑
2151,,珐沦
2152,,五不
2153,,五不争鸣论坛
2154,,五出三进
2155,,五套功法
2156,,邝锦文
2157,,垡抡
2158,,垡轮
2159,,垡伦
2160,,垡仑
2161,,垡沦
2162,,垡纶
2163,,垡论
2164,,垡囵
2165,,茳澤民
2166,,荭志
2167,,闳志
2168,,闵维方
2169,,氵去
2170,,氵去车仑工力
2171,,转法轮
2172,,砝抡
2173,,砝轮
2174,,砝伦
2175,,砝仑
2176,,砝沦
2177,,砝纶
2178,,真、善、忍
2179,,真理教
2180,,真善美
2181,,真善忍
2182,,砝论
2183,,砝囵
2184,,泓志
2185,,屙民
2186,,珐纶
2187,,珐论
2188,,珐囵
2189,,falun
2190,,Falundafa
2191,,fa轮
2192,,Flg
2193,,弟子
2194,,地下教会
2195,,炼功
2196,,梦网洪志
2197,,轮大
2198,,抡功
2199,,轮功
2200,,伦功
2201,,摩门教
2202,,三水法轮
2203,,三唑仑
2204,,天皇
2205,,天怒
2206,,天葬
2207,,车臣
2208,,达赖
2209,,功法
2210,,讲法
2211,,基督
2212,,基督教
2213,,护法
2214,,回教
2215,,教徒
2216,,功友
2217,,
2218,,达赖喇嘛
2219,,虹志
2220,,鸿志
2221,,洪传
2222,,贯通两极法
2223,,光祖
2224,,洪吟
2225,,洪哲胜
2226,,洪志
2227,,宏法
2228,,观世音
2229,,宏志
2230,,弘志
2231,,古兰经
2232,,红志
2233,,车库
2234,,车仑
2235,,经文
2236,,腐败
2237,,贪污
2238,,gcd
2239,,共贪党
2240,,gongchandang
2241,,阿共
2242,,共一产一党
2243,,产党共
2244,,公产党
2245,,工产党
2246,,共c党
2247,,共x党
2248,,共铲
2249,,供产
2250,,共惨
2251,,供铲党
2252,,供铲谠
2253,,供铲裆
2254,,共残党
2255,,共残主义
2256,,共产主义的幽灵
2257,,拱铲
2258,,老共
2259,,中珙
2260,,中gong
2261,,gc党
2262,,贡挡
2263,,gong党
2264,,g产
2265,,狗产蛋
2266,,共残裆
2267,,恶党
2268,,邪党
2269,,共产专制
2270,,共产王朝
2271,,裆中央
2272,,土共
2273,,土g
2274,,共狗
2275,,g匪
2276,,共匪
2277,,仇共
2278,,共产党腐败
2279,,共产党专制
2280,,共产党的报应
2281,,共产党的末日
2282,,共产党专制
2283,,communistparty
2284,,症腐
2285,,政腐
2286,,政付
2287,,正府
2288,,政俯
2289,,政f
2290,,zhengfu
2291,,政zhi
2292,,挡中央
2293,,档中央
2294,,中国zf
2295,,中央zf
2296,,国wu院
2297,,中华帝国
2298,,gong和
2299,,大陆官方
2300,,北京政权
2301,,刘志军
2302,,张曙
2303,,刘志军
2304,,买别墅
2305,,玩女人
2306,,贪20亿
2307,,许宗衡
2308,,贪财物
2309,,李启红
2310,,贪腐财富
2311,,落马
2312,,高官名单
2313,,陈希同
2314,,贪污
2315,,玩忽职守
2316,,有期徒刑
2317,,陈良宇
2318,,受贿罪
2319,,滥用职权
2320,,有期徒刑
2321,,没收个人财产
2322,,成克杰
2323,,死刑
2324,,程维高
2325,,严重违纪
2326,,开除党籍
2327,,撤销职务
2328,,刘方仁
2329,,无期徒刑
2330,,倪献策
2331,,徇私舞弊
2332,,梁湘
2333,,以权谋私
2334,,撤职。
2335,,李嘉廷
2336,,死刑缓期
2337,,张国光
2338,,韩桂芝
2339,,宋平顺
2340,,自杀
2341,,黄瑶
2342,,双规
2343,,陈绍基
2344,,判处死刑
2345,,剥夺政治权利终身
2346,,没收个人全部财产
2347,,石兆彬
2348,,侯伍杰
2349,,王昭耀
2350,,剥夺政治权利
2351,,杜世成
2352,,沈图
2353,,叛逃美国
2354,,罗云光
2355,,起诉
2356,,张辛泰
2357,,李效时
2358,,边少斌
2359,,徐鹏航
2360,,违纪
2361,,收受股票
2362,,王乐毅
2363,,李纪周
2364,,郑光迪
2365,,田凤山。
2366,,邱晓华
2367,,郑筱萸
2368,,孙鹤龄
2369,,蓝田造假案
2370,,于幼军
2371,,留党察看
2372,,何洪达
2373,,朱志刚
2374,,杨汇泉
2375,,官僚主义
2376,,徐炳松
2377,,托乎提沙比尔
2378,,王宝森
2379,,经济犯罪
2380,,畏罪自杀。
2381,,陈水文
2382,,孟庆平
2383,,胡长清
2384,,朱川
2385,,许运鸿
2386,,丘广钟
2387,,刘知炳
2388,,丛福奎
2389,,王怀忠
2390,,巨额财产
2391,,来源不明罪
2392,,李达昌
2393,,刘长贵
2394,,王钟麓
2395,,阿曼哈吉
2396,,付晓光
2397,,自动辞
2398,,刘克田
2399,,吕德彬
2400,,刘维明
2401,,双开
2402,,刘志华
2403,,孙瑜
2404,,李堂堂
2405,,韩福才 青海
2406,,欧阳德 广东
2407,,韦泽芳 海南
2408,,铁英 北京
2409,,辛业江 海南
2410,,于飞 广东
2411,,姜殿武 河北
2412,,秦昌典 重庆
2413,,范广举 黑龙江
2414,,张凯广东
2415,,王厚宏海南
2416,,陈维席安徽
2417,,王有杰河南
2418,,王武龙江苏
2419,,米凤君吉林
2420,,宋勇辽宁
2421,,张家盟浙江
2422,,马烈孙宁夏
2423,,黄纪诚北京
2424,,常征贵州
2425,,王式惠重庆
2426,,周文吉
2427,,王庆录广西
2428,,潘广田山东
2429,,朱作勇甘肃
2430,,孙善武河南
2431,,宋晨光江西
2432,,梁春禄广西政协
2433,,鲁家善 中国交通
2434,,金德琴 中信
2435,,李大强 神华
2436,,吴文英 纺织
2437,,查克明 华能
2438,,朱小华光大
2439,,高严 国家电力
2440,,王雪冰
2441,,林孔兴
2442,,刘金宝
2443,,张恩照
2444,,陈同海
2445,,康日新
2446,,王益
2447,,张春江
2448,,洪清源
2449,,平义杰
2450,,李恩潮
2451,,孙小虹
2452,,陈忠
2453,,慕绥新
2454,,田凤岐
2455,,麦崇楷
2456,,柴王群
2457,,吴振汉
2458,,张秋阳
2459,,徐衍东
2460,,徐发 黑龙江
2461,,张宗海
2462,,丁鑫发
2463,,徐国健
2464,,李宝金
2465,,单平
2466,,段义和
2467,,荆福生
2468,,陈少勇
2469,,黄松有
2470,,皮黔生
2471,,王华元
2472,,王守业
2473,,刘连昆
2474,,孙晋美
2475,,邵松高
2476,,肖怀枢
2477,,刘广智 空军
2478,,姬胜德 总参
2479,,廖伯年 北京
2480,,《动向》
2481,,《争鸣》
2482,,《中国民主》
2483,,322攻台作战计划
2484,,38集团军
2485,,3D轮盘
2486,,64大屠杀
2487,,6合彩
2488,,70天大事记
2489,,89学潮大屠杀
2490,,89学潮血腥屠杀
2491,,BB弹
2492,,BB枪
2493,,fa轮
2494,,FL大法
2495,,jiuping
2496,,SIM卡复制器
2497,,SM用品
2498,,t牌车
2499,,阿宾
2500,,阿凡提机
2501,,挨了一炮
2502,,爱国运动正名
2503,,爱国者同盟网站
2504,,爱液横流
2505,,安眠藥
2506,,案的准确
2507,,暗访包
2508,,八九民
2509,,八九学
2510,,八九政治
2511,,把病人整
2512,,把邓小平
2513,,把学生整
2514,,罢工门
2515,,白黄牙签
2516,,白小姐
2517,,百家乐
2518,,百乐二呓
2519,,败培训
2520,,拜大哥
2521,,斑蝥
2522,,办本科
2523,,办理本科
2524,,办理各种
2525,,办理票据
2526,,办理文凭
2527,,办理真实
2528,,办理证件
2529,,办理证书
2530,,办理资格
2531,,办文凭
2532,,办怔
2533,,办证
2534,,半刺刀
2535,,辦毕业
2536,,辦證
2537,,帮人怀孕
2538,,谤罪获刑
2539,,磅解码器
2540,,磅遥控器
2541,,包办色情娱乐服务
2542,,包青天机
2543,,包养
2544,,宝在甘肃修
2545,,保过答案
2546,,报复执法
2547,,报码
2548,,暴菊
2549,,暴力袭警
2550,,暴力执法
2551,,爆发骚
2552,,爆菊
2553,,北姑
2554,,北京帮
2555,,北京独立
2556,,北京风波
2557,,北京黑幕
2558,,北京市委黑幕
2559,,北京政坛清华名人
2560,,北美巡回讲法
2561,,北省委门
2562,,被指抄袭
2563,,被中共
2564,,本无码
2565,,避孕膜
2566,,鞭满
2567,,变牌
2568,,变牌绝
2569,,辩词与梦
2570,,冰毒
2571,,冰火毒
2572,,冰火佳
2573,,冰火九重
2574,,冰火漫
2575,,冰淫传
2576,,冰在火上
2577,,波胆
2578,,波推龙
2579,,博彩
2580,,博彩娱
2581,,博会暂停
2582,,博园区伪
2583,,不查都
2584,,不查全
2585,,布卖淫女
2586,,部忙组阁
2587,,部是这样
2588,,才知道只生
2589,,财众科技
2590,,采花堂
2591,,彩宝
2592,,彩票
2593,,彩票选号机
2594,,彩票预测
2595,,踩踏事
2596,,苍山兰
2597,,苍蝇水
2598,,操了嫂
2599,,操你妈
2600,,操嫂子
2601,,厕奴
2602,,策没有不
2603,,插屁屁
2604,,察象蚂
2605,,拆迁灭
2606,,禅密功
2607,,长狗
2608,,车仑大法
2609,,车牌隐
2610,,车用电子狗
2611,,成佛做主
2612,,城管灭
2613,,惩公安
2614,,惩贪难
2615,,持枪证
2616,,充气娃
2617,,冲凉死
2618,,抽着大中
2619,,抽着芙蓉
2620,,出成绩付
2621,,出售发票
2622,,出售假币
2623,,出售军
2624,,出售器官
2625,,出售肾
2626,,穿透仪器
2627,,传九退三
2628,,传送答案
2629,,吹箭
2630,,春宫
2631,,春宫图
2632,,春水横溢
2633,,春药
2634,,纯度白
2635,,纯度黄
2636,,慈悲功
2637,,次通过考
2638,,催眠水
2639,,催情粉
2640,,催情药
2641,,催情藥
2642,,挫仑
2643,,达毕业证
2644,,达赖
2645,,达米宣教会
2646,,答案包
2647,,答案提供
2648,,打标语
2649,,打错门
2650,,打飞机专
2651,,大法弟子
2652,,大法轮
2653,,大法修炼者
2654,,大鸡巴
2655,,大雞巴
2656,,大纪元
2657,,大妓院
2658,,大揭露
2659,,大奶子
2660,,大批贪官
2661,,大肉棒
2662,,大学暴动
2663,,大圆满法
2664,,大庄
2665,,大嘴歌
2666,,贷借款
2667,,贷开
2668,,戴海静
2669,,弹种
2670,,当代七整
2671,,当官要精
2672,,当官在于
2673,,党风日下
2674,,党棍
2675,,党后萎
2676,,党禁
2677,,党内权力
2678,,党内权争
2679,,党内危机
2680,,党内言事潮
2681,,党前干劲
2682,,荡妇
2683,,刀架保安
2684,,导爆索
2685,,导的情人
2686,,导叫失
2687,,导人的最
2688,,导人最
2689,,导小商
2690,,到花心
2691,,盗号
2692,,盗取qq
2693,,盗取密码
2694,,得财兼
2695,,的同修
2696,,灯草和
2697,,等级證
2698,,等人老百
2699,,等人是老
2700,,等人手术
2701,,邓爷爷转
2702,,邓颖超日记
2703,,邓玉娇
2704,,抵制北京奥运
2705,,地磅解码器
2706,,地磅遥控器
2707,,地产之歌
2708,,地下先烈
2709,,帝国之梦
2710,,递进民主
2711,,递纸死
2712,,第二首都
2713,,第三次世界大战
2714,,第五代红人
2715,,第五代接班梯队
2716,,颠覆
2717,,颠覆
2718,,颠覆
2719,,颠覆
2720,,颠覆
2721,,颠覆
2722,,点金商务
2723,,点数优惠
2724,,电子狗导航手机
2725,,甸果敢
2726,,蝶舞按
2727,,丁香社
2728,,丁子霖
2729,,顶花心
2730,,顶贴机
2731,,顶帖器
2732,,东北独立
2733,,东方闪电
2734,,东复活
2735,,东京热
2736,,东突
2737,,东伊运
2738,,東京熱
2739,,董元辰
2740,,洞小口紧
2741,,都当警
2742,,都当小姐
2743,,都进中央
2744,,毒蛇钻
2745,,独夫民贼
2746,,独立台湾
2747,,赌博机
2748,,赌恒指
2749,,赌具
2750,,赌球
2751,,赌球网
2752,,短信截
2753,,短信猫
2754,,短信群发
2755,,短信投票业务
2756,,段桂清
2757,,对共产党清算
2758,,对日强硬
2759,,多党执政
2760,,多美康
2761,,躲猫猫
2762,,俄罗斯轮盘
2763,,俄羅斯
2764,,恶党
2765,,恶搞人民币
2766,,恶警
2767,,恶势力操
2768,,恶势力插
2769,,恩氟烷
2770,,儿园惨
2771,,儿园砍
2772,,儿园杀
2773,,儿园凶
2774,,二奶大
2775,,二十四事件
2776,,发仑da发
2777,,发伦工
2778,,发轮功
2779,,发轮功陈果
2780,,发牌绝
2781,,发票出
2782,,发票代
2783,,发票代开
2784,,发票销
2785,,发贴工具
2786,,发贴机
2787,,發票
2788,,法0功
2789,,法O功
2790,,法车仑
2791,,法功
2792,,法拉盛
2793,,法拉盛缅街
2794,,法力像佛
2795,,法仑功
2796,,法伦
2797,,法伦功
2798,,法轮
2799,,法论功
2800,,法能功
2801,,法维权
2802,,法西藏主义
2803,,法一轮
2804,,法院给废
2805,,法正乾
2806,,珐(工力)学
2807,,反测速雷
2808,,反对共产党
2809,,反对共产主义
2810,,反腐总攻
2811,,反攻大陆
2812,,反共传单
2813,,反共言论
2814,,反雷达测
2815,,反雷达测速
2816,,反屏蔽
2817,,反社会主义
2818,,反中共黑色暴力
2819,,范燕琼
2820,,方迷香
2821,,芳香型智悟气功
2822,,防电子眼
2823,,防身枪
2824,,防身药水
2825,,房贷给废
2826,,仿真枪
2827,,仿真手枪
2828,,仿真证
2829,,费私服
2830,,封锁消
2831,,佛怀煽仇录
2832,,佛同修
2833,,夫妻交换
2834,,福尔马林
2835,,福娃的預
2836,,福娃頭上
2837,,福香巴
2838,,府包庇
2839,,府集中领
2840,,妇销魂
2841,,附送枪
2842,,复印件生
2843,,复印件制
2844,,赴港生子
2845,,富民穷
2846,,富婆给废
2847,,改号软件
2848,,干扰器
2849,,感扑克
2850,,冈本真
2851,,肛交
2852,,肛门是邻
2853,,岡本真
2854,,钢针狗
2855,,钢珠枪
2856,,港澳博球
2857,,港馬會
2858,,港鑫華
2859,,高就在政
2860,,高考
2861,,高考黑
2862,,高莺莺
2863,,搞媛交
2864,,告长期
2865,,告洋状
2866,,格证考试
2867,,蛤蟆转世
2868,,个人圆满说
2869,,个四小码
2870,,个邪的党
2871,,各类考试
2872,,各类文凭
2873,,根浴
2874,,跟帖器
2875,,跟踪器
2876,,工程吞得
2877,,工力人
2878,,弓弩
2879,,公安错打
2880,,公开小姐
2881,,攻官小姐
2882,,供应发票
2883,,共产主义黑皮书
2884,,共狗
2885,,共和国2049
2886,,共青背景
2887,,共青团派
2888,,共王储
2889,,共字玄机
2890,,狗粮
2891,,狗娘养的
2892,,狗屁专家
2893,,狗日的
2894,,狗友
2895,,古方迷香
2896,,鼓动一些
2897,,乖乖粉
2898,,观音法门
2899,,官匪一家
2900,,官商勾
2901,,官也不容
2902,,官因发帖
2903,,光学真题
2904,,广安事件
2905,,广场事件
2906,,跪真相
2907,,滚圆大乳
2908,,国办发
2909,,国际投注
2910,,国家妓
2911,,国家软弱
2912,,国家吞得
2913,,国库折
2914,,国统纲领
2915,,国统会
2916,,国一九五七
2917,,國內美
2918,,哈狗帮
2919,,哈药直销
2920,,海访民
2921,,海洛因
2922,,豪圈钱
2923,,号屏蔽器
2924,,合彩
2925,,和狗交
2926,,和狗性
2927,,和狗做
2928,,黑火药的
2929,,黑社会
2930,,红病历
2931,,红床
2932,,红客联盟
2933,,红色恐怖
2934,,红外
2935,,红外透视
2936,,洪志
2937,,紅色恐
2938,,胡的接班人
2939,,胡江风云
2940,,胡江关系
2941,,胡江内斗
2942,,胡江曾
2943,,胡江争斗
2944,,胡紧掏
2945,,胡紧套
2946,,胡锦涛
2947,,胡錦濤
2948,,胡进涛
2949,,胡派军委
2950,,胡派人马
2951,,胡适眼
2952,,胡下台
2953,,胡耀邦
2954,,湖淫娘
2955,,虎头猎
2956,,护卫团
2957,,华藏功
2958,,华国锋
2959,,华门开
2960,,华闻
2961,,化学扫盲
2962,,划老公
2963,,话在肉身显现
2964,,还会吹萧
2965,,还看锦涛
2966,,环球证件
2967,,换妻
2968,,皇冠投注
2969,,皇家轮盘
2970,,黄冰
2971,,黄菊遗孀
2972,,黄色
2973,,黄色电影
2974,,黄色小电影
2975,,回汉冲突
2976,,回民暴动
2977,,回民猪
2978,,回忆六四
2979,,昏药
2980,,浑圆豪乳
2981,,活不起
2982,,活体取肾
2983,,活摘器官
2984,,火车也疯
2985,,机定位器
2986,,机号定
2987,,机号卫
2988,,机卡密
2989,,机屏蔽器
2990,,鸡巴
2991,,积克馆
2992,,基本靠吼
2993,,基督灵恩布道团
2994,,绩过后付
2995,,激光气
2996,,激光汽
2997,,激流中国
2998,,激情
2999,,激情
3000,,激情电
3001,,激情电话
3002,,激情电影
3003,,激情短
3004,,激情交友
3005,,激情妹
3006,,激情炮
3007,,激情视频
3008,,激情小电影
3009,,级办理
3010,,级答案
3011,,急需嫖
3012,,疾病业债说
3013,,集体打砸
3014,,集体腐
3015,,集体抗议
3016,,挤乳汁
3017,,擠乳汁
3018,,记号扑克
3019,,纪念达赖喇嘛流亡49周年
3020,,纪念文革
3021,,妓女
3022,,妓女的口号
3023,,寂寞少妇
3024,,加油机干扰器
3025,,佳静安定
3026,,佳静安定片
3027,,家一样饱
3028,,家属被打
3029,,甲虫跳
3030,,甲流了
3031,,假币出售
3032,,假发票
3033,,假文凭
3034,,假证件
3035,,奸成瘾
3036,,奸杀
3037,,兼职上门
3038,,监听器
3039,,监听头
3040,,监听王
3041,,监狱管理局
3042,,监狱里的斗争
3043,,简易炸
3044,,贱货
3045,,贱人
3046,,江z民
3047,,疆獨
3048,,疆独
3049,,讲法传功
3050,,蒋彦永
3051,,叫鸡
3052,,叫自慰
3053,,揭贪难
3054,,姐包夜
3055,,姐服务
3056,,姐兼职
3057,,姐上门
3058,,解码开锁
3059,,解密软件
3060,,解体的命运
3061,,解体中共
3062,,金扎金
3063,,金钟气
3064,,津大地震
3065,,津地震
3066,,津人治津
3067,,进来的罪
3068,,禁书
3069,,禁网禁片
3070,,京地震
3071,,京夫子
3072,,京要地震
3073,,经典谎言
3074,,精子射在
3075,,警察被
3076,,警察的幌
3077,,警察殴打
3078,,警察说保
3079,,警车雷达
3080,,警方包庇
3081,,警匪一家
3082,,警徽
3083,,警民冲突
3084,,警用品
3085,,径步枪
3086,,敬请忍
3087,,靖国神社
3088,,究生答案
3089,,九龙论坛
3090,,九评共
3091,,九十三运动
3092,,酒象喝汤
3093,,酒像喝汤
3094,,救度众生说
3095,,就爱插
3096,,就要色
3097,,菊暴
3098,,菊爆
3099,,菊花洞
3100,,举国体
3101,,巨乳
3102,,据说全民
3103,,绝食声
3104,,军长发威
3105,,军刺
3106,,军品特
3107,,军用手
3108,,军转
3109,,卡辛纳大道和三福大道交界处
3110,,开苞
3111,,开邓选
3112,,开平
3113,,开平
3114,,开锁工具
3115,,开天目
3116,,開碼
3117,,開票
3118,,砍杀幼
3119,,砍伤儿
3120,,看JJ
3121,,康没有不
3122,,康生丹
3123,,康跳楼
3124,,抗议磁悬浮
3125,,抗议中共当局
3126,,磕彰
3127,,克分析
3128,,克千术
3129,,克透视
3130,,嗑药
3131,,空和雅典
3132,,空中民主墙
3133,,孔摄像
3134,,恐共
3135,,控诉世博
3136,,控制媒
3137,,口交
3138,,口手枪
3139,,口淫
3140,,骷髅死
3141,,矿难不公
3142,,昆仑女神功
3143,,拉帮游说
3144,,拉登说
3145,,拉开水晶
3146,,拉票贿选
3147,,拉萨僧人接连抗议
3148,,拉线飞机
3149,,来福猎
3150,,拦截器
3151,,狼全部跪
3152,,浪穴
3153,,老虎机
3154,,乐透码
3155,,雷管
3156,,雷人女官
3157,,类准确答
3158,,黎阳平
3159,,李大轮子
3160,,李红痔
3161,,李洪X
3162,,李洪志
3163,,李鹏
3164,,李伟信的笔供
3165,,李晓英
3166,,李咏曰
3167,,理各种证
3168,,理是影帝
3169,,理证件
3170,,理做帐报
3171,,力骗中央
3172,,力月西
3173,,历史的伤口
3174,,丽媛离
3175,,利他林
3176,,连发手
3177,,联盟党
3178,,聯繫電
3179,,练功群众
3180,,炼大法
3181,,两岸才子
3182,,两会代
3183,,两会又三
3184,,聊斋艳
3185,,了件渔袍
3186,,猎好帮手
3187,,猎枪
3188,,猎枪销
3189,,临震预报
3190,,领导忽悠百姓叫号召
3191,,领土拿
3192,,流亡藏人
3193,,流血事件
3194,,留四进三
3195,,六HE彩
3196,,六代接班人
3197,,六合采
3198,,六合彩
3199,,六死
3200,,六四内部日记
3201,,六四事
3202,,六四事件
3203,,六四受难者家属证辞
3204,,六四信息
3205,,六四资料馆
3206,,六月联盟
3207,,龙虎斗
3208,,龙湾事件
3209,,隆手指
3210,,漏题
3211,,陆封锁
3212,,陆同修
3213,,旅游新报
3214,,氯胺酮
3215,,轮手枪
3216,,轮子小报
3217,,论文代
3218,,罗干
3219,,罗斯小姐
3220,,落霞缀
3221,,妈了个逼
3222,,麻古
3223,,麻果配
3224,,麻醉乙醚
3225,,蟆叫专家
3226,,买春
3227,,买断
3228,,买官卖官
3229,,买枪
3230,,买肾
3231,,买真枪
3232,,卖QQ号码
3233,,卖春
3234,,卖地财政
3235,,卖发票
3236,,卖枪
3237,,卖身
3238,,卖肾
3239,,卖血
3240,,卖银行卡
3241,,卖自考
3242,,漫步丝
3243,,忙爱国
3244,,猫眼工具
3245,,毛时代大饥荒揭秘
3246,,毛一鲜
3247,,毛泽东复活
3248,,毛泽东侄子
3249,,毛贼
3250,,毛主席的嫡孙
3251,,媒体封锁
3252,,每周一死
3253,,门按摩
3254,,门保健
3255,,门徒会
3256,,門服務
3257,,氓培训
3258,,蒙古回归
3259,,蒙汗药
3260,,蒙汗药粉
3261,,蜜穴
3262,,免电灯
3263,,免费电影
3264,,灭共
3265,,灭绝罪
3266,,灭中共
3267,,民储害
3268,,民九亿商
3269,,民抗议
3270,,民殇
3271,,民运
3272,,民运分子
3273,,民主不能等待
3274,,民主还专政
3275,,民主女神
3276,,民族问题
3277,,明hui
3278,,明慧网
3279,,明镜出版社
3280,,铭记印尼
3281,,摩小姐
3282,,魔难论
3283,,末世劫难
3284,,末世论
3285,,牟新生
3286,,母乳家
3287,,母子乱伦
3288,,木齐针
3289,,幕没有不
3290,,幕前戲
3291,,内射
3292,,内争人权
3293,,男妓
3294,,男奴
3295,,南充针
3296,,嫩逼
3297,,嫩穴
3298,,嫩阴
3299,,泥马之歌
3300,,你的西域
3301,,拟涛哥
3302,,娘两腿之间
3303,,鸟巢最少死
3304,,妞上门
3305,,纽扣摄像机
3306,,浓精
3307,,怒的志愿
3308,,女被人家搞
3309,,女激情
3310,,女技师
3311,,女奴
3312,,女人费
3313,,女人和狗
3314,,女任职名
3315,,女上门
3316,,女神教
3317,,女士服务
3318,,女伟哥
3319,,女優
3320,,鸥之歌
3321,,拍肩
3322,,拍肩神
3323,,拍肩神药
3324,,拍肩型
3325,,拍肩醉迷药
3326,,牌技网
3327,,派系斗争
3328,,盘古乐队
3329,,盘口
3330,,炮的小蜜
3331,,跑官要官
3332,,泡友
3333,,陪考枪
3334,,陪聊
3335,,赔率
3336,,配有消
3337,,喷尿
3338,,嫖俄罗
3339,,嫖鸡
3340,,嫖妓
3341,,平惨案
3342,,平反六四
3343,,平叫到床
3344,,仆不怕饮
3345,,普提功
3346,,普通嘌
3347,,期货配
3348,,奇迹的黄
3349,,奇淫散
3350,,骑单车出
3351,,气狗
3352,,气枪
3353,,汽车解码器
3354,,汽车走表器
3355,,汽狗
3356,,汽枪
3357,,氣槍
3358,,器官贩卖
3359,,千禧弘法
3360,,铅弹
3361,,钱三字经
3362,,强权政府
3363,,强效失忆药
3364,,强硬发言
3365,,抢其火炬
3366,,切听器
3367,,窃听
3368,,窃听器
3369,,亲共
3370,,亲共分子
3371,,亲共媒体
3372,,侵犯国外专利
3373,,钦点接班人
3374,,禽流感了
3375,,勤捞致
3376,,沁园春血
3377,,青海无上师
3378,,氢弹手
3379,,清场内幕
3380,,清除负面
3381,,清純壆
3382,,清官团
3383,,清海师父
3384,,清海无上师
3385,,清华帮
3386,,情聊天室
3387,,情妹妹
3388,,情色
3389,,情色论坛
3390,,
3391,,情视频
3392,,情自拍
3393,,氰化钾
3394,,氰化钠
3395,,请集会
3396,,请示威
3397,,琼花问
3398,,区的雷人
3399,,娶韩国
3400,,全范围教会
3401,,全真证
3402,,全自动开锁器
3403,,犬交
3404,,群发广告机
3405,,群发软件
3406,,群奸暴
3407,,群交
3408,,群起抗暴
3409,,群体灭绝
3410,,群体性事
3411,,群众冲击
3412,,绕过封锁
3413,,惹的国
3414,,人弹
3415,,人祸
3416,,人类灭亡时间表
3417,,人类罪恶论
3418,,人民币恶搞
3419,,人权保护
3420,,人宇特能功
3421,,人在云上
3422,,人真钱
3423,,认牌绝
3424,,任于斯国
3425,,日你妈
3426,,日月气功
3427,,容弹量
3428,,柔胸粉
3429,,肉棒
3430,,肉洞
3431,,肉棍
3432,,如厕死
3433,,乳交
3434,,软弱的国
3435,,软弱外交
3436,,瑞安事件
3437,,萨斯病
3438,,赛后骚
3439,,赛克网
3440,,三班仆人派
3441,,三挫
3442,,三股势力
3443,,三级
3444,,三级
3445,,三级电影
3446,,三级片
3447,,三陪
3448,,三三九乘元功
3449,,三网友
3450,,三唑
3451,,三唑仑
3452,,扫了爷爷
3453,,杀害学生
3454,,杀指南
3455,,沙皇李长春
3456,,傻逼
3457,,山涉黑
3458,,煽动不明
3459,,煽动群众
3460,,商务短信
3461,,商务快车
3462,,上海帮
3463,,上海独立
3464,,上门激
3465,,上网文凭
3466,,烧公安局
3467,,烧瓶的
3468,,韶关斗
3469,,韶关玩
3470,,韶关旭
3471,,少妇自拍
3472,,社会混
3473,,社会主义灭亡
3474,,射网枪
3475,,涉台政局
3476,,涉嫌抄袭
3477,,身份证生成器
3478,,深喉冰
3479,,神的教会
3480,,神七假
3481,,神韵艺术
3482,,神州忏悔录
3483,,沈昌功
3484,,沈昌人体科技
3485,,肾源
3486,,升达毕业证
3487,,生被砍
3488,,生踩踏
3489,,生孩子没屁眼
3490,,生命树的分叉
3491,,生肖中特
3492,,生意宝
3493,,圣殿教
3494,,圣火护卫
3495,,圣灵重建教会
3496,,圣战不息
3497,,盛行在舞
3498,,剩火
3499,,尸博
3500,,失身水
3501,,失意药
3502,,师涛
3503,,狮子旗
3504,,十八大接班人
3505,,十八等
3506,,十大独裁
3507,,十大谎
3508,,十大禁
3509,,十个预言
3510,,十类人不
3511,,十七大幕
3512,,十七大权力争霸战
3513,,十七大人事安排
3514,,十七位老部长
3515,,实毕业证
3516,,实际神
3517,,实体娃
3518,,实学历文
3519,,士的年
3520,,士的宁
3521,,士康事件
3522,,独裁者
3523,,世界之门
3524,,式粉推
3525,,视解密
3526,,手变牌
3527,,手狗
3528,,手机
3529,,手机
3530,,手机复制
3531,,手机跟
3532,,手机跟踪定位器
3533,,手机监
3534,,手机监听
3535,,手机监听器
3536,,手机卡复制器
3537,,手机魔卡
3538,,手机窃听器
3539,,手机追
3540,,手木仓
3541,,手枪
3542,,守所死法
3543,,兽交
3544,,书办理
3545,,熟妇
3546,,术牌具
3547,,双管立
3548,,双管平
3549,,双筒
3550,,谁是胡的接班人
3551,,谁是新中国
3552,,谁为腐败晚餐买单
3553,,水阎王
3554,,税务总局致歉
3555,,丝护士
3556,,丝情侣
3557,,丝袜保
3558,,丝袜恋
3559,,丝袜美
3560,,丝袜妹
3561,,丝袜网
3562,,丝足按
3563,,司长期有
3564,,司法黑
3565,,司考答案
3566,,司马璐回忆录
3567,,私房写真
3568,,私服
3569,,私家侦探服务
3570,,死法分布
3571,,死刑现场
3572,,死要见毛
3573,,四博会
3574,,四川大地震异象揭密
3575,,四川朱昱
3576,,四大扯
3577,,四二六社论
3578,,四六级
3579,,饲养基地
3580,,苏家屯
3581,,苏家屯集
3582,,诉讼集团
3583,,素女
3584,,素女心
3585,,速代办
3586,,速取证
3587,,酸羟亚胺
3588,,缩阴
3589,,蹋纳税
3590,,太王四神
3591,,太王四神记
3592,,泰兴幼
3593,,泰兴镇中
3594,,泰州幼
3595,,贪官也辛
3596,,探测狗
3597,,涛共产
3598,,涛一样胡
3599,,讨厌中国
3600,,套牌车
3601,,特别党费
3602,,特工资
3603,,特码
3604,,特上门
3605,,特务机构
3606,,体透视镜
3607,,替考
3608,,替人体
3609,,天安门事件
3610,,天朝特
3611,,天鹅之旅
3612,,天推广歌
3613,,天要灭
3614,,天音功
3615,,田罢工
3616,,田田桑
3617,,田停工
3618,,铁血师
3619,,庭审直播
3620,,通钢总经
3621,,同盟党
3622,,统一教
3623,,统治术
3624,,偷電器
3625,,偷啪
3626,,偷肃贪
3627,,偷听器
3628,,偷偷贪
3629,,头双管
3630,,投毒杀人
3631,,投注站
3632,,骰子
3633,,秃鹰汽
3634,,突破封锁
3635,,突破网路
3636,,屠杀学生
3637,,土炮
3638,,土枪
3639,,推翻独裁
3640,,推油按
3641,,脱衣舞
3642,,脱衣艳
3643,,瓦斯手
3644,,袜按摩
3645,,外蒙回归
3646,,外透视镜
3647,,外围赌球
3648,,万法归一功
3649,,万能钥匙
3650,,万人骚动
3651,,王立军
3652,,王益案
3653,,网络封锁
3654,,网络警察
3655,,网民案
3656,,网民获刑
3657,,网民诬
3658,,网站推广软件
3659,,微型
3660,,微型摄像
3661,,为党不为国
3662,,围攻上海
3663,,维汉员
3664,,维权基
3665,,维权人
3666,,维权谈
3667,,伪基百科
3668,,伪政府
3669,,委坐船
3670,,卫星高频头
3671,,卫星广播器材
3672,,谓的和谐
3673,,魏京生
3674,,温加饱
3675,,温家宝
3676,,温家堡
3677,,温切斯特
3678,,温休曾退
3679,,温影帝
3680,,溫家寶
3681,,瘟加饱
3682,,瘟家宝
3683,,瘟假饱
3684,,文凭证
3685,,纹了毛
3686,,闻被控制
3687,,闻封锁
3688,,瓮安
3689,,我的西域
3690,,我搞台独
3691,,我们自杀吧
3692,,我虽死去
3693,,乌蝇水
3694,,乌云其木格
3695,,无帮国
3696,,无耻语录
3697,,无官正
3698,,无界浏览器
3699,,无码
3700,,无人性的政权
3701,,无网界
3702,,无线
3703,,吾爾開希
3704,,五套功
3705,,五月天
3706,,午夜电
3707,,午夜极
3708,,武警暴
3709,,武警殴
3710,,武警已增
3711,,武力镇压
3712,,武装镇压
3713,,务员答案
3714,,务员考试
3715,,雾型迷
3716,,西藏
3717,,西藏独立
3718,,西藏国家民主党
3719,,西藏人民大起义
3720,,西藏限
3721,,西藏作家组织
3722,,西服进去
3723,,希脏
3724,,习进平
3725,,习晋平
3726,,席复活
3727,,席临终前
3728,,席指着护
3729,,洗澡死
3730,,喜贪赃
3731,,先烈纷纷
3732,,现大地震
3733,,现金投注
3734,,现在的党
3735,,现在的公安
3736,,现在的共产党
3737,,现在的警察
3738,,现在的社会
3739,,现在的政府
3740,,线透视镜
3741,,限制言
3742,,陷害案
3743,,陷害罪
3744,,霰弹
3745,,香港彩
3746,,香港独立
3747,,香港马会
3748,,香港一类
3749,,香港总彩
3750,,向巴平措
3751,,消防灭火枪
3752,,消防枪
3753,,消业之说
3754,,硝化甘
3755,,小电影
3756,,小活佛
3757,,小姐按摩
3758,,小姐上门
3759,,小穴
3760,,肖中特
3761,,校骚乱
3762,,写两会
3763,,泄漏的内
3764,,新疆暴乱
3765,,新疆独立
3766,,新疆叛
3767,,新疆限
3768,,新金瓶
3769,,新生网
3770,,新唐人
3771,,新搪人
3772,,态度蛮横
3773,,新中华战记
3774,,信访专班
3775,,信用卡套现
3776,,兴华论谈
3777,,兴中心幼
3778,,行长王益
3779,,形透视镜
3780,,性推广歌
3781,,性息
3782,,胸主席
3783,,修炼大法
3784,,徐玉元
3785,,学骚乱
3786,,学生领袖
3787,,学位證
3788,,血溅人民天堂
3789,,血染的风采
3790,,血色京机
3791,,血色京畿
3792,,血腥清场
3793,,循环轮回论
3794,,丫与王益
3795,,严晓玲
3796,,言被劳教
3797,,言论罪
3798,,盐酸曲
3799,,颜射
3800,,眼镜
3801,,燕玲论坛
3802,,恙虫病
3803,,摇头丸
3804,,遥控信号拦截器
3805,,要射精了
3806,,要射了
3807,,要泄了
3808,,业力回报
3809,,业力轮
3810,,夜半加税
3811,,夜激情
3812,,液体炸
3813,,一党独裁
3814,,一党私利
3815,,一党执政
3816,,一党专政
3817,,一卡多号
3818,,一氯丙酮
3819,,一氯乙醛
3820,,一码中特
3821,,一通功
3822,,一通健康法
3823,,一小撮别
3824,,一肖
3825,,一氧化二氟
3826,,一氧化汞
3827,,一夜激情
3828,,伊皮恩
3829,,遗情书
3830,,乙酰替硫脲
3831,,乙酰亚砷酸铜
3832,,异硫氰酸烯丙酯
3833,,异氰酸苯酯
3834,,异氰酸甲酯
3835,,因毒磷
3836,,因毒硫磷
3837,,银氰化钾
3838,,银行卡复制设备
3839,,隐蔽式摄像机
3840,,隐形
3841,,隐形
3842,,隐形耳
3843,,隐形耳机
3844,,隐形喷剂
3845,,隐形摄像机
3846,,应子弹
3847,,婴儿命
3848,,婴儿汤
3849,,罂粟壳
3850,,罂粟籽
3851,,蝇毒
3852,,影子政府
3853,,雍战胜
3854,,永伏虫
3855,,咏妓
3856,,用手枪
3857,,优化官员
3858,,幽谷三
3859,,游精佑
3860,,游戏机破解
3861,,有偿服务
3862,,有偿捐献
3863,,有偿肾
3864,,有码
3865,,有奶不一
3866,,右转是政
3867,,幼齿类
3868,,幼交
3869,,娱乐透视
3870,,愚民同
3871,,愚民政
3872,,与狗性
3873,,宇宙大法
3874,,宇宙毁灭
3875,,宇宙主佛
3876,,玉蒲团
3877,,育部女官
3878,,预测答案
3879,,冤民大
3880,,鸳鸯洗
3881,,渊盖苏文
3882,,元极功
3883,,原砷酸
3884,,原一九五七
3885,,袁伟民
3886,,援藏网
3887,,援交
3888,,晕倒型
3889,,韵徐娘
3890,,赞成
3891,,脏毒
3892,,脏独
3893,,遭便衣
3894,,遭到警
3895,,遭警察
3896,,遭武警
3897,,择油录
3898,,曾道人
3899,,炸弹教
3900,,炸弹遥控
3901,,炸广州
3902,,炸立交
3903,,炸药的制
3904,,炸药配
3905,,炸药制
3906,,粘氯酸
3907,,张春桥
3908,,张宏宝
3909,,张宏堡
3910,,张文中
3911,,张志新
3912,,找枪手
3913,,找援交
3914,,找政法委副
3915,,赵紫阳
3916,,针刺案
3917,,针刺伤
3918,,针刺事
3919,,针刺死
3920,,针孔摄象机
3921,,针孔摄像机
3922,,侦探设备
3923,,真钱
3924,,真钱斗地
3925,,真钱投注
3926,,真善忍
3927,,真实文凭
3928,,震惊一个民
3929,,震其国土
3930,,证到付款
3931,,证件公司
3932,,证件集团
3933,,证生成器
3934,,证书办
3935,,政府无能
3936,,政论区
3937,,政治风波
3938,,政治局十七
3939,,政治人祸的源头
3940,,支那
3941,,支那猪
3942,,植物冰
3943,,指纹考勤
3944,,指纹膜
3945,,指纹套
3946,,制服诱
3947,,制手枪
3948,,制证定金
3949,,制作证件
3950,,治疗红斑狼疮
3951,,治疗性病
3952,,治疗乙肝
3953,,治疗肿瘤
3954,,中办发
3955,,中的班禅
3956,,中国不强
3957,,中国复兴党
3958,,中国高层权力斗争
3959,,中国共和党
3960,,中国官场情杀案
3961,,中国过渡政府
3962,,中国海外腐败兵团
3963,,中国没有自由
3964,,中国人民党
3965,,中国实行血腥教育
3966,,中国贪官在海外
3967,,中国网络审查
3968,,中国舆论监督网周洪
3969,,中国正义党
3970,,中国政府封锁消息
3971,,中国支配下的朝鲜经济
3972,,中国猪
3973,,中华昆仑女神功
3974,,中华养生益智功
3975,,中华养生益智气
3976,,中南海的权力游戏
3977,,中南海斗争
3978,,中南海恩仇录
3979,,中南海黑幕
3980,,中南海权力斗争
3981,,中石油国家电网倒数
3982,,中特
3983,,中央黑幕
3984,,中正纪念歌
3985,,中组部前部长直言
3986,,种公务员
3987,,种学历证
3988,,众像羔
3989,,重亚硒酸钠
3990,,重阳兵变
3991,,州惨案
3992,,州大批贪
3993,,州三箭
3994,,宙最高法
3995,,昼将近
3996,,朱镕基
3997,,主神教
3998,,主席忏
3999,,属灵教
4000,,住英国房
4001,,助考
4002,,助考网
4003,,转法轮
4004,,转法论
4005,,转是政府
4006,,赚钱资料
4007,,庄家
4008,,装弹甲
4009,,装枪套
4010,,装消音
4011,,追债公司
4012,,追踪
4013,,梓健特药
4014,,自动群发
4015,,自己找枪
4016,,自杀手册
4017,,自杀指南
4018,,自慰用
4019,,自由门
4020,,自由圣
4021,,自由西藏
4022,,自由西藏学生运动
4023,,总会美女
4024,,走私车
4025,,足交
4026,,足球
4027,,足球玩法
4028,,最后圆满
4029,,醉钢枪
4030,,醉迷药
4031,,醉乙醚
4032,,尊爵粉
4033,,左棍
4034,,左转是政
4035,,作弊器
4036,,作各种证
4037,,作硝化甘
4038,,唑仑
